1,Mohan,123456789,300.0,,AMX
2,Mohan,123456789,300.0,,AMX
3,Mohan,123456789,300.0,,AMX
4,Mohan,123456789,300.0,,AMX
5,Mohan,123456789,300.0,,AMX
6,Mohan,123456789,300.0,,AMX
7,Mohan,123456789,300.0,,AMX
8,Mohan,123456789,300.0,,AMX
9,Mohan,123456789,300.0,,AMX
10,Mohan,123456789,300.0,,AMX
11,Mohan,123456789,300.0,,AMX
12,Mohan,123456789,300.0,,AMX
13,Mohan,123456789,300.0,,AMX
14,Mohan,123456789,300.0,,AMX
15,Mohan,123456789,300.0,,AMX
16,Mohan,123456789,300.0,,AMX
17,Mohan,123456789,300.0,,AMX
18,Mohan,123456789,300.0,,AMX
19,Mohan,123456789,300.0,,AMX
20,Mohan,123456789,300.0,,AMX
21,Mohan,123456789,300.0,,AMX
22,Mohan,123456789,300.0,,AMX
23,Mohan,123456789,300.0,,AMX
24,Mohan,123456789,300.0,,AMX
25,Mohan,123456789,300.0,,AMX
26,Mohan,123456789,300.0,,AMX
27,Mohan,123456789,300.0,,AMX
28,Mohan,123456789,300.0,,AMX
29,Mohan,123456789,300.0,,AMX
30,Mohan,123456789,300.0,,AMX
31,Mohan,123456789,300.0,,AMX
32,Mohan,123456789,300.0,,AMX
33,Mohan,123456789,300.0,,AMX
34,Mohan,123456789,300.0,,AMX
35,Mohan,123456789,300.0,,AMX
36,Mohan,123456789,300.0,,AMX
37,Mohan,123456789,300.0,,AMX
38,Mohan,123456789,300.0,,AMX
39,Mohan,123456789,300.0,,AMX
40,Mohan,123456789,300.0,,AMX
41,Mohan,123456789,300.0,,AMX
42,Mohan,123456789,300.0,,AMX
43,Mohan,123456789,300.0,,AMX
44,Mohan,123456789,300.0,,AMX
45,Mohan,123456789,300.0,,AMX
46,Mohan,123456789,300.0,,AMX
47,Mohan,123456789,300.0,,AMX
48,Mohan,123456789,300.0,,AMX
49,Mohan,123456789,300.0,,AMX
50,Mohan,123456789,300.0,,AMX
51,Mohan,123456789,300.0,,AMX
52,Mohan,123456789,300.0,,AMX
53,Mohan,123456789,300.0,,AMX
54,Mohan,123456789,300.0,,AMX
55,Mohan,123456789,300.0,,AMX
56,Mohan,123456789,300.0,,AMX
57,Mohan,123456789,300.0,,AMX
58,Mohan,123456789,300.0,,AMX
59,Mohan,123456789,300.0,,AMX
60,Mohan,123456789,300.0,,AMX
61,Mohan,123456789,300.0,,AMX
62,Mohan,123456789,300.0,,AMX
63,Mohan,123456789,300.0,,AMX
64,Mohan,123456789,300.0,,AMX
65,Mohan,123456789,300.0,,AMX
66,Mohan,123456789,300.0,,AMX
67,Mohan,123456789,300.0,,AMX
68,Mohan,123456789,300.0,,AMX
69,Mohan,123456789,300.0,,AMX
70,Mohan,123456789,300.0,,AMX
71,Mohan,123456789,300.0,,AMX
72,Mohan,123456789,300.0,,AMX
73,Mohan,123456789,300.0,,AMX
74,Mohan,123456789,300.0,,AMX
75,Mohan,123456789,300.0,,AMX
76,Mohan,123456789,300.0,,AMX
77,Mohan,123456789,300.0,,AMX
78,Mohan,123456789,300.0,,AMX
79,Mohan,123456789,300.0,,AMX
80,Mohan,123456789,300.0,,AMX
81,Mohan,123456789,300.0,,AMX
82,Mohan,123456789,300.0,,AMX
83,Mohan,123456789,300.0,,AMX
84,Mohan,123456789,300.0,,AMX
85,Mohan,123456789,300.0,,AMX
86,Mohan,123456789,300.0,,AMX
87,Mohan,123456789,300.0,,AMX
88,Mohan,123456789,300.0,,AMX
89,Mohan,123456789,300.0,,AMX
90,Mohan,123456789,300.0,,AMX
91,Mohan,123456789,300.0,,AMX
92,Mohan,123456789,300.0,,AMX
93,Mohan,123456789,300.0,,AMX
94,Mohan,123456789,300.0,,AMX
95,Mohan,123456789,300.0,,AMX
96,Mohan,123456789,300.0,,AMX
97,Mohan,123456789,300.0,,AMX
98,Mohan,123456789,300.0,,AMX
99,Mohan,123456789,300.0,,AMX
100,Mohan,123456789,300.0,,AMX
101,Mohan,123456789,300.0,,AMX
102,Mohan,123456789,300.0,,AMX
103,Mohan,123456789,300.0,,AMX
104,Mohan,123456789,300.0,,AMX
105,Mohan,123456789,300.0,,AMX
106,Mohan,123456789,300.0,,AMX
107,Mohan,123456789,300.0,,AMX
108,Mohan,123456789,300.0,,AMX
109,Mohan,123456789,300.0,,AMX
110,Mohan,123456789,300.0,,AMX
111,Mohan,123456789,300.0,,AMX
112,Mohan,123456789,300.0,,AMX
113,Mohan,123456789,300.0,,AMX
114,Mohan,123456789,300.0,,AMX
115,Mohan,123456789,300.0,,AMX
116,Mohan,123456789,300.0,,AMX
117,Mohan,123456789,300.0,,AMX
118,Mohan,123456789,300.0,,AMX
119,Mohan,123456789,300.0,,AMX
120,Mohan,123456789,300.0,,AMX
121,Mohan,123456789,300.0,,AMX
122,Mohan,123456789,300.0,,AMX
123,Mohan,123456789,300.0,,AMX
124,Mohan,123456789,300.0,,AMX
125,Mohan,123456789,300.0,,AMX
126,Mohan,123456789,300.0,,AMX
127,Mohan,123456789,300.0,,AMX
128,Mohan,123456789,300.0,,AMX
129,Mohan,123456789,300.0,,AMX
130,Mohan,123456789,300.0,,AMX
131,Mohan,123456789,300.0,,AMX
132,Mohan,123456789,300.0,,AMX
133,Mohan,123456789,300.0,,AMX
134,Mohan,123456789,300.0,,AMX
135,Mohan,123456789,300.0,,AMX
136,Mohan,123456789,300.0,,AMX
137,Mohan,123456789,300.0,,AMX
138,Mohan,123456789,300.0,,AMX
139,Mohan,123456789,300.0,,AMX
140,Mohan,123456789,300.0,,AMX
141,Mohan,123456789,300.0,,AMX
142,Mohan,123456789,300.0,,AMX
143,Mohan,123456789,300.0,,AMX
144,Mohan,123456789,300.0,,AMX
145,Mohan,123456789,300.0,,AMX
146,Mohan,123456789,300.0,,AMX
147,Mohan,123456789,300.0,,AMX
148,Mohan,123456789,300.0,,AMX
149,Mohan,123456789,300.0,,AMX
150,Mohan,123456789,300.0,,AMX
151,Mohan,123456789,300.0,,AMX
152,Mohan,123456789,300.0,,AMX
153,Mohan,123456789,300.0,,AMX
154,Mohan,123456789,300.0,,AMX
155,Mohan,123456789,300.0,,AMX
156,Mohan,123456789,300.0,,AMX
157,Mohan,123456789,300.0,,AMX
158,Mohan,123456789,300.0,,AMX
159,Mohan,123456789,300.0,,AMX
160,Mohan,123456789,300.0,,AMX
161,Mohan,123456789,300.0,,AMX
162,Mohan,123456789,300.0,,AMX
163,Mohan,123456789,300.0,,AMX
164,Mohan,123456789,300.0,,AMX
165,Mohan,123456789,300.0,,AMX
166,Mohan,123456789,300.0,,AMX
167,Mohan,123456789,300.0,,AMX
168,Mohan,123456789,300.0,,AMX
169,Mohan,123456789,300.0,,AMX
170,Mohan,123456789,300.0,,AMX
171,Mohan,123456789,300.0,,AMX
172,Mohan,123456789,300.0,,AMX
173,Mohan,123456789,300.0,,AMX
174,Mohan,123456789,300.0,,AMX
175,Mohan,123456789,300.0,,AMX
176,Mohan,123456789,300.0,,AMX
177,Mohan,123456789,300.0,,AMX
178,Mohan,123456789,300.0,,AMX
179,Mohan,123456789,300.0,,AMX
180,Mohan,123456789,300.0,,AMX
181,Mohan,123456789,300.0,,AMX
182,Mohan,123456789,300.0,,AMX
183,Mohan,123456789,300.0,,AMX
184,Mohan,123456789,300.0,,AMX
185,Mohan,123456789,300.0,,AMX
186,Mohan,123456789,300.0,,AMX
187,Mohan,123456789,300.0,,AMX
188,Mohan,123456789,300.0,,AMX
189,Mohan,123456789,300.0,,AMX
190,Mohan,123456789,300.0,,AMX
191,Mohan,123456789,300.0,,AMX
192,Mohan,123456789,300.0,,AMX
193,Mohan,123456789,300.0,,AMX
194,Mohan,123456789,300.0,,AMX
195,Mohan,123456789,300.0,,AMX
196,Mohan,123456789,300.0,,AMX
197,Mohan,123456789,300.0,,AMX
198,Mohan,123456789,300.0,,AMX
199,Mohan,123456789,300.0,,AMX
200,Mohan,123456789,300.0,,AMX
201,Mohan,123456789,300.0,,AMX
202,Mohan,123456789,300.0,,AMX
203,Mohan,123456789,300.0,,AMX
204,Mohan,123456789,300.0,,AMX
205,Mohan,123456789,300.0,,AMX
206,Mohan,123456789,300.0,,AMX
207,Mohan,123456789,300.0,,AMX
208,Mohan,123456789,300.0,,AMX
209,Mohan,123456789,300.0,,AMX
210,Mohan,123456789,300.0,,AMX
211,Mohan,123456789,300.0,,AMX
212,Mohan,123456789,300.0,,AMX
213,Mohan,123456789,300.0,,AMX
214,Mohan,123456789,300.0,,AMX
215,Mohan,123456789,300.0,,AMX
216,Mohan,123456789,300.0,,AMX
217,Mohan,123456789,300.0,,AMX
218,Mohan,123456789,300.0,,AMX
219,Mohan,123456789,300.0,,AMX
220,Mohan,123456789,300.0,,AMX
221,Mohan,123456789,300.0,,AMX
222,Mohan,123456789,300.0,,AMX
223,Mohan,123456789,300.0,,AMX
224,Mohan,123456789,300.0,,AMX
225,Mohan,123456789,300.0,,AMX
226,Mohan,123456789,300.0,,AMX
227,Mohan,123456789,300.0,,AMX
228,Mohan,123456789,300.0,,AMX
229,Mohan,123456789,300.0,,AMX
230,Mohan,123456789,300.0,,AMX
231,Mohan,123456789,300.0,,AMX
232,Mohan,123456789,300.0,,AMX
233,Mohan,123456789,300.0,,AMX
234,Mohan,123456789,300.0,,AMX
235,Mohan,123456789,300.0,,AMX
236,Mohan,123456789,300.0,,AMX
237,Mohan,123456789,300.0,,AMX
238,Mohan,123456789,300.0,,AMX
239,Mohan,123456789,300.0,,AMX
240,Mohan,123456789,300.0,,AMX
241,Mohan,123456789,300.0,,AMX
242,Mohan,123456789,300.0,,AMX
243,Mohan,123456789,300.0,,AMX
244,Mohan,123456789,300.0,,AMX
245,Mohan,123456789,300.0,,AMX
246,Mohan,123456789,300.0,,AMX
247,Mohan,123456789,300.0,,AMX
248,Mohan,123456789,300.0,,AMX
249,Mohan,123456789,300.0,,AMX
250,Mohan,123456789,300.0,,AMX
251,Mohan,123456789,300.0,,AMX
252,Mohan,123456789,300.0,,AMX
253,Mohan,123456789,300.0,,AMX
254,Mohan,123456789,300.0,,AMX
255,Mohan,123456789,300.0,,AMX
256,Mohan,123456789,300.0,,AMX
257,Mohan,123456789,300.0,,AMX
258,Mohan,123456789,300.0,,AMX
259,Mohan,123456789,300.0,,AMX
260,Mohan,123456789,300.0,,AMX
261,Mohan,123456789,300.0,,AMX
262,Mohan,123456789,300.0,,AMX
263,Mohan,123456789,300.0,,AMX
264,Mohan,123456789,300.0,,AMX
265,Mohan,123456789,300.0,,AMX
266,Mohan,123456789,300.0,,AMX
267,Mohan,123456789,300.0,,AMX
268,Mohan,123456789,300.0,,AMX
269,Mohan,123456789,300.0,,AMX
270,Mohan,123456789,300.0,,AMX
271,Mohan,123456789,300.0,,AMX
272,Mohan,123456789,300.0,,AMX
273,Mohan,123456789,300.0,,AMX
274,Mohan,123456789,300.0,,AMX
275,Mohan,123456789,300.0,,AMX
276,Mohan,123456789,300.0,,AMX
277,Mohan,123456789,300.0,,AMX
278,Mohan,123456789,300.0,,AMX
279,Mohan,123456789,300.0,,AMX
280,Mohan,123456789,300.0,,AMX
281,Mohan,123456789,300.0,,AMX
282,Mohan,123456789,300.0,,AMX
283,Mohan,123456789,300.0,,AMX
284,Mohan,123456789,300.0,,AMX
285,Mohan,123456789,300.0,,AMX
286,Mohan,123456789,300.0,,AMX
287,Mohan,123456789,300.0,,AMX
288,Mohan,123456789,300.0,,AMX
289,Mohan,123456789,300.0,,AMX
290,Mohan,123456789,300.0,,AMX
291,Mohan,123456789,300.0,,AMX
292,Mohan,123456789,300.0,,AMX
293,Mohan,123456789,300.0,,AMX
294,Mohan,123456789,300.0,,AMX
295,Mohan,123456789,300.0,,AMX
296,Mohan,123456789,300.0,,AMX
297,Mohan,123456789,300.0,,AMX
298,Mohan,123456789,300.0,,AMX
299,Mohan,123456789,300.0,,AMX
300,Mohan,123456789,300.0,,AMX
